ID,current,pse_cor,pd_cor,sense,Timestamp
1,0.00153,-0.03084,0.07509,0.0,2023-04-04 19:57:59
2,0.00153,-0.03084,0.07509,0.0,2023-04-04 19:57:59
3,0.00153,-0.03084,0.07509,0.0,2023-04-04 19:57:59
4,0.00153,-0.03084,0.07509,0.0,2023-04-04 19:57:59
5,0.00153,-0.03084,0.07509,0.0,2023-04-04 19:57:59
6,0.00153,-0.03084,0.07509,0.0,2023-04-04 19:57:59
7,0.00153,-0.03084,0.07509,0.0,2023-04-04 19:57:59
8,0.00153,-0.03084,0.07509,0.0,2023-04-04 19:57:59
9,0.00153,-0.03084,0.07509,0.0,2023-04-04 19:57:59
10,0.00153,-0.03084,0.07509,0.0,2023-04-04 19:57:59
11,0.00153,-0.03084,0.07509,0.0,2023-04-04 19:57:59
12,0.00153,-0.03084,0.07509,0.0,2023-04-04 19:57:59
13,0.00153,-0.03084,0.07509,0.0,2023-04-04 19:57:59
14,0.00153,-0.03084,0.07509,0.0,2023-04-04 19:57:59
15,0.00153,-0.03084,0.07509,0.0,2023-04-04 19:57:59
16,0.00153,-0.03084,0.07509,0.0,2023-04-04 19:57:59
17,0.00153,-0.03084,0.07509,0.0,2023-04-04 19:57:59
18,0.00153,-0.03084,0.07509,0.0,2023-04-04 19:57:59
19,0.00153,-0.03084,0.07509,0.0,2023-04-04 19:57:59
20,0.00153,-0.03084,0.07509,0.0,2023-04-04 19:57:59
21,0.00153,-0.03084,0.07509,0.0,2023-04-04 19:57:59
22,0.00153,-0.03084,0.07509,0.0,2023-04-04 19:57:59
23,0.00153,-0.03084,0.07509,0.0,2023-04-04 19:57:59
24,0.00153,-0.03084,0.07509,0.0,2023-04-04 19:57:59
25,0.00153,-0.03084,0.07509,0.0,2023-04-04 19:57:59
26,0.00153,-0.03084,0.07509,0.0,2023-04-04 19:57:59
27,0.00153,-0.03084,0.07509,0.0,2023-04-04 19:57:59
28,0.00153,-0.03084,0.07509,0.0,2023-04-04 19:57:59
29,0.00153,-0.03084,0.07509,0.0,2023-04-04 19:57:59
30,0.00153,-0.03084,0.07509,0.0,2023-04-04 19:57:59
31,0.00153,-0.03084,0.07509,0.0,2023-04-04 19:57:59
32,0.00153,-0.03084,0.07509,0.0,2023-04-04 19:57:59
33,0.00153,-0.03084,0.07509,0.0,2023-04-04 19:57:59
34,0.00153,-0.03084,0.07509,0.0,2023-04-04 19:57:59
35,0.00153,-0.03084,0.07509,0.0,2023-04-04 19:57:59
36,0.00153,-0.03084,0.07509,0.0,2023-04-04 19:57:59
37,0.00153,-0.03084,0.07509,0.0,2023-04-04 19:57:59
38,0.00153,-0.03084,0.07509,0.0,2023-04-04 19:57:59
39,0.00153,-0.03084,0.07509,0.0,2023-04-04 19:57:59
40,0.00153,-0.03084,0.07509,0.0,2023-04-04 19:57:59
41,0.00153,-0.03084,0.07509,0.0,2023-04-04 19:57:59
42,0.00153,-0.03084,0.07509,0.0,2023-04-04 19:57:59
43,0.00153,-0.03084,0.07509,0.0,2023-04-04 19:57:59
44,0.00153,-0.03084,0.07509,0.0,2023-04-04 19:57:59
45,0.00153,-0.03084,0.07509,0.0,2023-04-04 19:57:59
46,0.00153,-0.03084,0.07509,0.0,2023-04-04 19:57:59
47,0.00153,-0.03084,0.07509,0.0,2023-04-04 19:57:59
48,0.00153,-0.03084,0.07509,0.0,2023-04-04 19:57:59
49,0.00153,-0.03084,0.07509,0.0,2023-04-04 19:57:59
50,0.00153,-0.03084,0.07509,0.0,2023-04-04 19:57:59
51,0.00153,-0.03084,0.07509,0.0,2023-04-04 19:57:59
52,0.00153,-0.03084,0.07509,0.0,2023-04-04 19:57:59
53,0.00153,-0.03084,0.07509,0.0,2023-04-04 19:57:59
54,0.00153,-0.03084,0.07509,0.0,2023-04-04 19:57:59
55,0.00153,-0.03084,0.07509,0.0,2023-04-04 19:57:59
56,0.00153,-0.03084,0.07509,0.0,2023-04-04 19:57:59
57,0.00153,-0.03084,0.07509,0.0,2023-04-04 19:57:59
58,0.00153,-0.03084,0.07509,0.0,2023-04-04 19:57:59
59,0.00153,-0.03084,0.07509,0.0,2023-04-04 19:57:59
60,0.00153,-0.03084,0.07509,0.0,2023-04-04 19:57:59
61,0.00153,-0.03084,0.07509,0.0,2023-04-04 19:57:59
62,0.00153,-0.03084,0.07509,0.0,2023-04-04 19:57:59
63,0.00153,-0.03084,0.07509,0.0,2023-04-04 19:57:59
64,0.00153,-0.03084,0.07509,0.0,2023-04-04 19:57:59
65,0.00153,-0.03084,0.07509,0.0,2023-04-04 19:57:59
66,0.00153,-0.03084,0.07509,0.0,2023-04-04 19:57:59
67,0.00153,-0.03084,0.07509,0.0,2023-04-04 19:57:59
68,0.00153,-0.03084,0.07509,0.0,2023-04-04 19:57:59
69,0.00153,-0.03084,0.07509,0.0,2023-04-04 19:57:59
70,0.00153,-0.03084,0.07509,0.0,2023-04-04 19:57:59
71,0.00153,-0.03084,0.07509,0.0,2023-04-04 19:57:59
72,0.00153,-0.03084,0.07509,0.0,2023-04-04 19:57:59
73,0.00153,-0.03084,0.07509,0.0,2023-04-04 19:57:59
74,0.00153,-0.03084,0.07509,0.0,2023-04-04 19:57:59
75,0.00153,-0.03084,0.07509,0.0,2023-04-04 19:57:59
76,0.00153,-0.03084,0.07509,0.0,2023-04-04 19:57:59
77,0.00153,-0.03084,0.07509,0.0,2023-04-04 19:57:59
78,0.00153,-0.03084,0.07509,0.0,2023-04-04 19:57:59
79,0.00153,-0.03084,0.07509,0.0,2023-04-04 19:57:59
80,0.00153,-0.03084,0.07509,0.0,2023-04-04 19:57:59
81,0.00153,-0.03084,0.07509,0.0,2023-04-04 19:57:59
82,0.00153,-0.03084,0.07509,0.0,2023-04-04 19:57:59
83,0.00153,-0.03084,0.07509,0.0,2023-04-04 19:57:59
84,0.00153,-0.03084,0.07509,0.0,2023-04-04 19:57:59
85,0.00153,-0.03084,0.07509,0.0,2023-04-04 19:57:59
86,0.00153,-0.03084,0.07509,0.0,2023-04-04 19:57:59
87,0.00153,-0.03084,0.07509,0.0,2023-04-04 19:57:59
88,0.00153,-0.03084,0.07509,0.0,2023-04-04 19:57:59
89,0.00153,-0.03084,0.07509,0.0,2023-04-04 19:57:59
90,0.00153,-0.03084,0.07509,0.0,2023-04-04 19:57:59
91,0.00153,-0.03084,0.07509,0.0,2023-04-04 19:57:59
92,0.00153,-0.03084,0.07509,0.0,2023-04-04 19:57:59
93,0.00153,-0.03084,0.07509,0.0,2023-04-04 19:57:59
94,0.00153,-0.03084,0.07509,0.0,2023-04-04 19:57:59
95,0.00153,-0.03084,0.07509,0.0,2023-04-04 19:57:59
96,0.00153,-0.03084,0.07509,0.0,2023-04-04 19:57:59
97,0.00153,-0.03084,0.07509,0.0,2023-04-04 19:57:59
98,0.00153,-0.03084,0.07509,0.0,2023-04-04 19:57:59
99,0.00153,-0.03084,0.07509,0.0,2023-04-04 19:57:59
100,0.00153,-0.03084,0.07509,0.0,2023-04-04 19:57:59
101,0.00153,-0.03084,0.07509,0.0,2023-04-04 19:57:59
102,0.00153,-0.03084,0.07509,0.0,2023-04-04 19:57:59
103,0.00153,-0.03084,0.07509,0.0,2023-04-04 19:57:59
104,0.00153,-0.03084,0.07509,0.0,2023-04-04 19:57:59
105,0.00153,-0.03084,0.07509,0.0,2023-04-04 19:57:59
106,0.00153,-0.03084,0.07509,0.0,2023-04-04 19:57:59
107,0.00153,-0.03084,0.07509,0.0,2023-04-04 19:57:59
108,0.00153,-0.03084,0.07509,0.0,2023-04-04 19:57:59
109,0.00153,-0.03084,0.07509,0.0,2023-04-04 19:57:59
110,0.00153,-0.03084,0.07509,0.0,2023-04-04 19:57:59
111,0.00153,-0.03084,0.07509,0.0,2023-04-04 19:57:59
112,0.00153,-0.03084,0.07509,0.0,2023-04-04 19:57:59
113,0.00153,-0.03084,0.07509,0.0,2023-04-04 19:57:59
114,0.00153,-0.03084,0.07509,0.0,2023-04-04 19:57:59
115,0.00153,-0.03084,0.07509,0.0,2023-04-04 19:57:59
116,0.00153,-0.03084,0.07509,0.0,2023-04-04 19:57:59
117,0.00153,-0.03084,0.07509,0.0,2023-04-04 19:57:59
118,0.00153,-0.03084,0.07509,0.0,2023-04-04 19:57:59
119,0.00153,-0.03084,0.07509,0.0,2023-04-04 19:57:59
120,0.00153,-0.03084,0.07509,0.0,2023-04-04 19:57:59
121,0.00153,-0.03084,0.07509,0.0,2023-04-04 19:57:59
122,0.00153,-0.03084,0.07509,0.0,2023-04-04 19:57:59
123,0.00153,-0.03084,0.07509,0.0,2023-04-04 19:57:59
124,0.00153,-0.03084,0.07509,0.0,2023-04-04 19:57:59
125,0.00153,-0.03084,0.07509,0.0,2023-04-04 19:57:59
126,0.00153,-0.03084,0.07509,0.0,2023-04-04 19:57:59
127,0.00153,-0.03084,0.07509,0.0,2023-04-04 19:57:59
128,0.00153,-0.03084,0.07509,0.0,2023-04-04 19:57:59
129,0.00153,-0.03084,0.07509,0.0,2023-04-04 19:57:59
130,0.00153,-0.03084,0.07509,0.0,2023-04-04 19:57:59
131,0.00153,-0.03084,0.07509,0.0,2023-04-04 19:57:59
132,0.00153,-0.03084,0.07509,0.0,2023-04-04 19:57:59
133,0.00153,-0.03084,0.07509,0.0,2023-04-04 19:57:59
134,0.00153,-0.03084,0.07509,0.0,2023-04-04 19:57:59
135,0.00153,-0.03084,0.07509,0.0,2023-04-04 19:57:59
136,0.00153,-0.03084,0.07509,0.0,2023-04-04 19:57:59
137,0.00153,-0.03084,0.07509,0.0,2023-04-04 19:57:59
138,0.00153,-0.03084,0.07509,0.0,2023-04-04 19:57:59
139,0.00153,-0.03084,0.07509,0.0,2023-04-04 19:57:59
140,0.00153,-0.03084,0.07509,0.0,2023-04-04 19:57:59
141,0.00153,-0.03084,0.07509,0.0,2023-04-04 19:57:59
142,0.00153,-0.03084,0.07509,0.0,2023-04-04 19:57:59
143,0.00153,-0.03084,0.07509,0.0,2023-04-04 19:57:59
144,0.00153,-0.03084,0.07509,0.0,2023-04-04 19:57:59
145,0.00153,-0.03084,0.07509,0.0,2023-04-04 19:57:59
146,0.00153,-0.03084,0.07509,0.0,2023-04-04 19:57:59
147,0.00153,-0.03084,0.07509,0.0,2023-04-04 19:57:59
148,0.00153,-0.03084,0.07509,0.0,2023-04-04 19:57:59
149,0.00153,-0.03084,0.07509,0.0,2023-04-04 19:57:59
150,0.00153,-0.03084,0.07509,0.0,2023-04-04 19:57:59
151,0.00153,-0.03084,0.07509,0.0,2023-04-04 19:57:59
152,0.00153,-0.03084,0.07509,0.0,2023-04-04 19:57:59
153,0.00153,-0.03084,0.07509,0.0,2023-04-04 19:57:59
154,0.00153,-0.03084,0.07509,0.0,2023-04-04 19:57:59
155,0.00153,-0.03084,0.07509,0.0,2023-04-04 19:57:59
156,0.00153,-0.03084,0.07509,0.0,2023-04-04 19:57:59
157,0.00153,-0.03084,0.07509,0.0,2023-04-04 19:57:59
158,0.00153,-0.03084,0.07509,0.0,2023-04-04 19:57:59
159,0.00153,-0.03084,0.07509,0.0,2023-04-04 19:57:59
160,0.00153,-0.03084,0.07509,0.0,2023-04-04 19:57:59
161,0.00153,-0.03084,0.07509,0.0,2023-04-04 19:57:59
162,0.00153,-0.03084,0.07509,0.0,2023-04-04 19:57:59
163,0.00153,-0.03084,0.07509,0.0,2023-04-04 19:57:59
164,0.00153,-0.03084,0.07509,0.0,2023-04-04 19:57:59
165,0.00153,-0.03084,0.07509,0.0,2023-04-04 19:57:59
166,0.00153,-0.03084,0.07509,0.0,2023-04-04 19:57:59
167,0.00153,-0.03084,0.07509,0.0,2023-04-04 19:57:59
168,0.00153,-0.03084,0.07509,0.0,2023-04-04 19:57:59
169,0.00153,-0.03084,0.07509,0.0,2023-04-04 19:57:59
170,0.00153,-0.03084,0.07509,0.0,2023-04-04 19:57:59
171,0.00153,-0.03084,0.07509,0.0,2023-04-04 19:57:59
172,0.00153,-0.03084,0.07509,0.0,2023-04-04 19:57:59
173,0.00153,-0.03084,0.07509,0.0,2023-04-04 19:57:59
174,0.00153,-0.03084,0.07509,0.0,2023-04-04 19:57:59
175,0.00153,-0.03084,0.07509,0.0,2023-04-04 19:57:59
176,0.00153,-0.03084,0.07509,0.0,2023-04-04 19:57:59
177,0.00153,-0.03084,0.07509,0.0,2023-04-04 19:57:59
178,0.00153,-0.03084,0.07509,0.0,2023-04-04 19:57:59
179,0.00153,-0.03084,0.07509,0.0,2023-04-04 19:57:59
180,0.00153,-0.03084,0.07509,0.0,2023-04-04 19:57:59
181,0.00153,-0.03084,0.07509,0.0,2023-04-04 19:57:59
182,0.00153,-0.03084,0.07509,0.0,2023-04-04 19:57:59
183,0.00153,-0.03084,0.07509,0.0,2023-04-04 19:57:59
184,0.00153,-0.03084,0.07509,0.0,2023-04-04 19:57:59
185,0.00153,-0.03084,0.07509,0.0,2023-04-04 19:57:59
186,0.00153,-0.03084,0.07509,0.0,2023-04-04 19:57:59
187,0.00153,-0.03084,0.07509,0.0,2023-04-04 19:57:59
188,0.00153,-0.03084,0.07509,0.0,2023-04-04 19:57:59
189,0.00153,-0.03084,0.07509,0.0,2023-04-04 19:57:59
190,0.00153,-0.03084,0.07509,0.0,2023-04-04 19:57:59
191,0.00153,-0.03084,0.07509,0.0,2023-04-04 19:57:59
192,0.00153,-0.03084,0.07509,0.0,2023-04-04 19:57:59
193,0.00153,-0.03084,0.07509,0.0,2023-04-04 19:57:59
194,0.00153,-0.03084,0.07509,0.0,2023-04-04 19:57:59
195,0.00153,-0.03084,0.07509,0.0,2023-04-04 19:57:59
196,0.00153,-0.03084,0.07509,0.0,2023-04-04 19:57:59
197,0.00153,-0.03084,0.07509,0.0,2023-04-04 19:57:59
198,0.00153,-0.03084,0.07509,0.0,2023-04-04 19:57:59
199,0.00153,-0.03084,0.07509,0.0,2023-04-04 19:57:59
200,0.00153,-0.03084,0.07509,0.0,2023-04-04 19:57:59
201,0.00153,-0.03084,0.07509,0.0,2023-04-04 19:57:59
202,0.00153,-0.03084,0.07509,0.0,2023-04-04 19:57:59
203,0.00153,-0.03084,0.07509,0.0,2023-04-04 19:57:59
204,0.00153,-0.03084,0.07509,0.0,2023-04-04 19:57:59
205,0.00153,-0.03084,0.07509,0.0,2023-04-04 19:57:59
206,0.00153,-0.03084,0.07509,0.0,2023-04-04 19:57:59
207,0.00153,-0.03084,0.07509,0.0,2023-04-04 19:57:59
208,0.00153,-0.03084,0.07509,0.0,2023-04-04 19:57:59
209,0.00153,-0.03084,0.07509,0.0,2023-04-04 19:57:59
210,0.00153,-0.03084,0.07509,0.0,2023-04-04 19:57:59
211,0.00153,-0.03084,0.07509,0.0,2023-04-04 19:57:59
212,0.00153,-0.03084,0.07509,0.0,2023-04-04 19:57:59
213,0.00153,-0.03084,0.07509,0.0,2023-04-04 19:57:59
214,0.00153,-0.03084,0.07509,0.0,2023-04-04 19:57:59
215,0.00153,-0.03084,0.07509,0.0,2023-04-04 19:57:59
216,0.00153,-0.03084,0.07509,0.0,2023-04-04 19:57:59
217,0.00153,-0.03084,0.07509,0.0,2023-04-04 19:57:59
218,0.00153,-0.03084,0.07509,0.0,2023-04-04 19:57:59
219,0.00153,-0.03084,0.07509,0.0,2023-04-04 19:57:59
220,0.00153,-0.03084,0.07509,0.0,2023-04-04 19:57:59
221,0.00153,-0.03084,0.07509,0.0,2023-04-04 19:57:59
222,0.00153,-0.03084,0.07509,0.0,2023-04-04 19:57:59
223,0.00153,-0.03084,0.07509,0.0,2023-04-04 19:57:59
224,0.00153,-0.03084,0.07509,0.0,2023-04-04 19:57:59
225,0.00153,-0.03084,0.07509,0.0,2023-04-04 19:57:59
226,0.00153,-0.03084,0.07509,0.0,2023-04-04 19:57:59
227,0.00153,-0.03084,0.07509,0.0,2023-04-04 19:57:59
228,0.00153,-0.03084,0.07509,0.0,2023-04-04 19:57:59
229,0.00153,-0.03084,0.07509,0.0,2023-04-04 19:57:59
230,0.00153,-0.03084,0.07509,0.0,2023-04-04 19:57:59
231,0.00153,-0.03084,0.07509,0.0,2023-04-04 19:57:59
232,0.00153,-0.03084,0.07509,0.0,2023-04-04 19:57:59
233,0.00153,-0.03084,0.07509,0.0,2023-04-04 19:57:59
234,0.00153,-0.03084,0.07509,0.0,2023-04-04 19:57:59
235,0.00153,-0.03084,0.07509,0.0,2023-04-04 19:57:59
236,0.00153,-0.03084,0.07509,0.0,2023-04-04 19:57:59
237,0.00153,-0.03084,0.07509,0.0,2023-04-04 19:57:59
238,0.00153,-0.03084,0.07509,0.0,2023-04-04 19:57:59
239,0.00153,-0.03084,0.07509,0.0,2023-04-04 19:57:59
240,0.00153,-0.03084,0.07509,0.0,2023-04-04 19:57:59
241,0.00153,-0.03084,0.07509,0.0,2023-04-04 19:57:59
242,0.00153,-0.03084,0.07509,0.0,2023-04-04 19:57:59
243,0.00153,-0.03084,0.07509,0.0,2023-04-04 19:57:59
244,0.00153,-0.03084,0.07509,0.0,2023-04-04 19:57:59
245,0.00153,-0.03084,0.07509,0.0,2023-04-04 19:57:59
246,0.00153,-0.03084,0.07509,0.0,2023-04-04 19:57:59
247,0.00153,-0.03084,0.07509,0.0,2023-04-04 19:57:59
248,0.00153,-0.03084,0.07509,0.0,2023-04-04 19:57:59
249,0.00153,-0.03084,0.07509,0.0,2023-04-04 19:57:59
250,0.00153,-0.03084,0.07509,0.0,2023-04-04 19:57:59
251,0.00153,-0.03084,0.07509,0.0,2023-04-04 19:57:59
252,0.00153,-0.03084,0.07509,0.0,2023-04-04 19:57:59
253,0.00153,-0.03084,0.07509,0.0,2023-04-04 19:57:59
254,0.00153,-0.03084,0.07509,0.0,2023-04-04 19:57:59
255,0.00153,-0.03084,0.07509,0.0,2023-04-04 19:57:59
256,0.00153,-0.03084,0.07509,0.0,2023-04-04 19:57:59
257,0.00153,-0.03084,0.07509,0.0,2023-04-04 19:57:59
258,0.00153,-0.03084,0.07509,0.0,2023-04-04 19:57:59
259,0.00153,-0.03084,0.07509,0.0,2023-04-04 19:57:59
260,0.00153,-0.03084,0.07509,0.0,2023-04-04 19:57:59
261,0.00153,-0.03084,0.07509,0.0,2023-04-04 19:57:59
262,0.00153,-0.03084,0.07509,0.0,2023-04-04 19:57:59
263,0.00153,-0.03084,0.07509,0.0,2023-04-04 19:57:59
264,0.00153,-0.03084,0.07509,0.0,2023-04-04 19:57:59
265,0.00153,-0.03084,0.07509,0.0,2023-04-04 19:57:59
266,0.00153,-0.03084,0.07509,0.0,2023-04-04 19:57:59
267,0.00153,-0.03084,0.07509,0.0,2023-04-04 19:57:59
268,0.00153,-0.03084,0.07509,0.0,2023-04-04 19:57:59
269,0.00153,-0.03084,0.07509,0.0,2023-04-04 19:57:59
270,0.00153,-0.03084,0.07509,0.0,2023-04-04 19:57:59
271,0.00153,-0.03084,0.07509,0.0,2023-04-04 19:57:59
272,0.00153,-0.03084,0.07509,0.0,2023-04-04 19:57:59
273,0.00153,-0.03084,0.07509,0.0,2023-04-04 19:57:59
274,0.00153,-0.03084,0.07509,0.0,2023-04-04 19:57:59
275,0.00153,-0.03084,0.07509,0.0,2023-04-04 19:57:59
276,0.00153,-0.03084,0.07509,0.0,2023-04-04 19:57:59
277,0.00153,-0.03084,0.07509,0.0,2023-04-04 19:57:59
278,0.00153,-0.03084,0.07509,0.0,2023-04-04 19:57:59
279,0.00153,-0.03084,0.07509,0.0,2023-04-04 19:57:59
280,0.00153,-0.03084,0.07509,0.0,2023-04-04 19:57:59
281,0.00153,-0.03084,0.07509,0.0,2023-04-04 19:57:59
282,0.00153,-0.03084,0.07509,0.0,2023-04-04 19:57:59
283,0.00153,-0.03084,0.07509,0.0,2023-04-04 19:57:59
284,0.00153,-0.03084,0.07509,0.0,2023-04-04 19:57:59
285,0.00153,-0.03084,0.07509,0.0,2023-04-04 19:57:59
286,0.00153,-0.03084,0.07509,0.0,2023-04-04 19:57:59
287,0.00153,-0.03084,0.07509,0.0,2023-04-04 19:57:59
288,0.00153,-0.03084,0.07509,0.0,2023-04-04 19:57:59
289,0.00153,-0.03084,0.07509,0.0,2023-04-04 19:57:59
290,0.00153,-0.03084,0.07509,0.0,2023-04-04 19:57:59
291,0.00153,-0.03084,0.07509,0.0,2023-04-04 19:57:59
292,0.00153,-0.03084,0.07509,0.0,2023-04-04 19:57:59
293,0.00153,-0.03084,0.07509,0.0,2023-04-04 19:57:59
294,0.00153,-0.03084,0.07509,0.0,2023-04-04 19:57:59
295,0.00153,-0.03084,0.07509,0.0,2023-04-04 19:57:59
296,0.00153,-0.03084,0.07509,0.0,2023-04-04 19:57:59
297,0.00153,-0.03084,0.07509,0.0,2023-04-04 19:57:59
298,0.00153,-0.03084,0.07509,0.0,2023-04-04 19:57:59
299,0.00153,-0.03084,0.07509,0.0,2023-04-04 19:57:59
300,0.00153,-0.03084,0.07509,0.0,2023-04-04 19:57:59
301,0.00153,-0.03084,0.07509,0.0,2023-04-04 19:57:59
302,0.00153,-0.03084,0.07509,0.0,2023-04-04 19:57:59
303,0.00153,-0.03084,0.07509,0.0,2023-04-04 19:57:59
304,0.00153,-0.03084,0.07509,0.0,2023-04-04 19:57:59
305,0.00153,-0.03084,0.07509,0.0,2023-04-04 19:57:59
306,0.00153,-0.03084,0.07509,0.0,2023-04-04 19:57:59
307,0.00153,-0.03084,0.07509,0.0,2023-04-04 19:57:59
308,0.00153,-0.03084,0.07509,0.0,2023-04-04 19:57:59
309,0.00153,-0.03084,0.07509,0.0,2023-04-04 19:57:59
310,0.00153,-0.03084,0.07509,0.0,2023-04-04 19:57:59
311,0.00153,-0.03084,0.07509,0.0,2023-04-04 19:57:59
312,0.00153,-0.03084,0.07509,0.0,2023-04-04 19:57:59
313,0.00153,-0.03084,0.07509,0.0,2023-04-04 19:57:59
314,0.00153,-0.03084,0.07509,0.0,2023-04-04 19:57:59
315,0.00153,-0.03084,0.07509,0.0,2023-04-04 19:57:59
316,0.00153,-0.03084,0.07509,0.0,2023-04-04 19:57:59
317,0.00153,-0.03084,0.07509,0.0,2023-04-04 19:57:59
318,0.00153,-0.03084,0.07509,0.0,2023-04-04 19:57:59
319,0.00153,-0.03084,0.07509,0.0,2023-04-04 19:57:59
320,0.00153,-0.03084,0.07509,0.0,2023-04-04 19:57:59
321,0.00153,-0.03084,0.07509,0.0,2023-04-04 19:57:59
322,0.00153,-0.03084,0.07509,0.0,2023-04-04 19:57:59
323,0.00153,-0.03084,0.07509,0.0,2023-04-04 19:57:59
324,0.00153,-0.03084,0.07509,0.0,2023-04-04 19:57:59
325,0.00153,-0.03084,0.07509,0.0,2023-04-04 19:57:59
326,0.00153,-0.03084,0.07509,0.0,2023-04-04 19:57:59
327,0.00153,-0.03084,0.07509,0.0,2023-04-04 19:57:59
328,0.00153,-0.03084,0.07509,0.0,2023-04-04 19:57:59
329,0.00153,-0.03084,0.07509,0.0,2023-04-04 19:57:59
330,0.00153,-0.03084,0.07509,0.0,2023-04-04 19:57:59
331,0.00153,-0.03084,0.07509,0.0,2023-04-04 19:57:59
332,0.00153,-0.03084,0.07509,0.0,2023-04-04 19:57:59
333,0.00153,-0.03084,0.07509,0.0,2023-04-04 19:57:59
334,0.00153,-0.03084,0.07509,0.0,2023-04-04 19:57:59
335,0.00153,-0.03084,0.07509,0.0,2023-04-04 19:57:59
336,0.00153,-0.03084,0.07509,0.0,2023-04-04 19:57:59
337,0.00153,-0.03084,0.07509,0.0,2023-04-04 19:57:59
338,0.00153,-0.03084,0.07509,0.0,2023-04-04 19:57:59
339,0.00153,-0.03084,0.07509,0.0,2023-04-04 19:57:59
340,0.00153,-0.03084,0.07509,0.0,2023-04-04 19:57:59
341,0.00153,-0.03084,0.07509,0.0,2023-04-04 19:57:59
342,0.00153,-0.03084,0.07509,0.0,2023-04-04 19:57:59
343,0.00153,-0.03084,0.07509,0.0,2023-04-04 19:57:59
344,0.00153,-0.03084,0.07509,0.0,2023-04-04 19:57:59
345,0.00153,-0.03084,0.07509,0.0,2023-04-04 19:57:59
346,0.00153,-0.03084,0.07509,0.0,2023-04-04 19:57:59
347,0.00153,-0.03084,0.07509,0.0,2023-04-04 19:57:59
348,0.00153,-0.03084,0.07509,0.0,2023-04-04 19:57:59
349,0.00153,-0.03084,0.07509,0.0,2023-04-04 19:57:59
350,0.00153,-0.03084,0.07509,0.0,2023-04-04 19:57:59
351,0.00153,-0.03084,0.07509,0.0,2023-04-04 19:57:59
352,0.00153,-0.03084,0.07509,0.0,2023-04-04 19:57:59
353,0.00153,-0.03084,0.07509,0.0,2023-04-04 19:57:59
354,0.00153,-0.03084,0.07509,0.0,2023-04-04 19:57:59
355,0.00153,-0.03084,0.07509,0.0,2023-04-04 19:57:59
356,0.00153,-0.03084,0.07509,0.0,2023-04-04 19:57:59
357,0.00153,-0.03084,0.07509,0.0,2023-04-04 19:57:59
358,0.00153,-0.03084,0.07509,0.0,2023-04-04 19:57:59
359,0.00153,-0.03084,0.07509,0.0,2023-04-04 19:57:59
360,0.00153,-0.03084,0.07509,0.0,2023-04-04 19:57:59
361,0.00153,-0.03084,0.07509,0.0,2023-04-04 19:57:59
362,0.00153,-0.03084,0.07509,0.0,2023-04-04 19:57:59
363,0.00153,-0.03084,0.07509,0.0,2023-04-04 19:57:59
364,0.00153,-0.03084,0.07509,0.0,2023-04-04 19:57:59
365,0.00153,-0.03084,0.07509,0.0,2023-04-04 19:57:59
366,0.00153,-0.03084,0.07509,0.0,2023-04-04 19:57:59
367,0.00153,-0.03084,0.07509,0.0,2023-04-04 19:57:59
368,0.00153,-0.03084,0.07509,0.0,2023-04-04 19:57:59
369,0.00153,-0.03084,0.07509,0.0,2023-04-04 19:57:59
370,0.00153,-0.03084,0.07509,0.0,2023-04-04 19:57:59
371,0.00153,-0.03084,0.07509,0.0,2023-04-04 19:57:59
372,0.00153,-0.03084,0.07509,0.0,2023-04-04 19:57:59
373,0.00153,-0.03084,0.07509,0.0,2023-04-04 19:57:59
374,0.00153,-0.03084,0.07509,0.0,2023-04-04 19:57:59
375,0.00153,-0.03084,0.07509,0.0,2023-04-04 19:57:59
376,0.00153,-0.03084,0.07509,0.0,2023-04-04 19:57:59
377,0.00153,-0.03084,0.07509,0.0,2023-04-04 19:57:59
378,0.00153,-0.03084,0.07509,0.0,2023-04-04 19:57:59
379,0.00153,-0.03084,0.07509,0.0,2023-04-04 19:57:59
380,0.00153,-0.03084,0.07509,0.0,2023-04-04 19:57:59
381,0.00153,-0.03084,0.07509,0.0,2023-04-04 19:57:59
382,0.00153,-0.03084,0.07509,0.0,2023-04-04 19:57:59
383,0.00153,-0.03084,0.07509,0.0,2023-04-04 19:57:59
384,0.00153,-0.03084,0.07509,0.0,2023-04-04 19:57:59
385,0.00153,-0.03084,0.07509,0.0,2023-04-04 19:57:59
386,0.00153,-0.03084,0.07509,0.0,2023-04-04 19:57:59
387,0.00153,-0.03084,0.07509,0.0,2023-04-04 19:57:59
388,0.00153,-0.03084,0.07509,0.0,2023-04-04 19:57:59
389,0.00153,-0.03084,0.07509,0.0,2023-04-04 19:57:59
390,0.00153,-0.03084,0.07509,0.0,2023-04-04 19:57:59
391,0.00153,-0.03084,0.07509,0.0,2023-04-04 19:57:59
392,0.00153,-0.03084,0.07509,0.0,2023-04-04 19:57:59
393,0.00153,-0.03084,0.07509,0.0,2023-04-04 19:57:59
394,0.00153,-0.03084,0.07509,0.0,2023-04-04 19:57:59
395,0.00153,-0.03084,0.07509,0.0,2023-04-04 19:57:59
396,0.00153,-0.03084,0.07509,0.0,2023-04-04 19:57:59
397,0.00153,-0.03084,0.07509,0.0,2023-04-04 19:57:59
398,0.00153,-0.03084,0.07509,0.0,2023-04-04 19:57:59
399,0.00153,-0.03084,0.07509,0.0,2023-04-04 19:57:59
400,0.00153,-0.03084,0.07509,0.0,2023-04-04 19:57:59
401,0.00153,-0.03084,0.07509,0.0,2023-04-04 19:57:59
402,0.00153,-0.03084,0.07509,0.0,2023-04-04 19:57:59
403,0.00153,-0.03084,0.07509,0.0,2023-04-04 19:57:59
404,0.00153,-0.03084,0.07509,0.0,2023-04-04 19:57:59
405,0.00153,-0.03084,0.07509,0.0,2023-04-04 19:57:59
406,0.00153,-0.03084,0.07509,0.0,2023-04-04 19:57:59
407,0.00153,-0.03084,0.07509,0.0,2023-04-04 19:57:59
408,0.00153,-0.03084,0.07509,0.0,2023-04-04 19:57:59
409,0.00153,-0.03084,0.07509,0.0,2023-04-04 19:57:59
410,0.00153,-0.03084,0.07509,0.0,2023-04-04 19:57:59
411,0.00153,-0.03084,0.07509,0.0,2023-04-04 19:57:59
412,0.00153,-0.03084,0.07509,0.0,2023-04-04 19:57:59
413,0.00153,-0.03084,0.07509,0.0,2023-04-04 19:57:59
414,0.00153,-0.03084,0.07509,0.0,2023-04-04 19:57:59
415,0.00153,-0.03084,0.07509,0.0,2023-04-04 19:57:59
416,0.00153,-0.03084,0.07509,0.0,2023-04-04 19:57:59
417,0.00153,-0.03084,0.07509,0.0,2023-04-04 19:57:59
418,0.00153,-0.03084,0.07509,0.0,2023-04-04 19:57:59
419,0.00153,-0.03084,0.07509,0.0,2023-04-04 19:57:59
420,0.00153,-0.03084,0.07509,0.0,2023-04-04 19:57:59
421,0.00153,-0.03084,0.07509,0.0,2023-04-04 19:57:59
422,0.00153,-0.03084,0.07509,0.0,2023-04-04 19:57:59
423,0.00153,-0.03084,0.07509,0.0,2023-04-04 19:57:59
424,0.00153,-0.03084,0.07509,0.0,2023-04-04 19:57:59
425,0.00153,-0.03084,0.07509,0.0,2023-04-04 19:57:59
426,0.00153,-0.03084,0.07509,0.0,2023-04-04 19:57:59
427,0.00153,-0.03084,0.07509,0.0,2023-04-04 19:57:59
428,0.00153,-0.03084,0.07509,0.0,2023-04-04 19:57:59
429,0.00153,-0.03084,0.07509,0.0,2023-04-04 19:57:59
430,0.00153,-0.03084,0.07509,0.0,2023-04-04 19:57:59
431,0.00153,-0.03084,0.07509,0.0,2023-04-04 19:57:59
432,0.00153,-0.03084,0.07509,0.0,2023-04-04 19:57:59
433,0.00153,-0.03084,0.07509,0.0,2023-04-04 19:57:59
434,0.00153,-0.03084,0.07509,0.0,2023-04-04 19:57:59
435,0.00153,-0.03084,0.07509,0.0,2023-04-04 19:57:59
436,0.00153,-0.03084,0.07509,0.0,2023-04-04 19:57:59
437,0.00153,-0.03084,0.07509,0.0,2023-04-04 19:57:59
438,0.00153,-0.03084,0.07509,0.0,2023-04-04 19:57:59
439,0.00153,-0.03084,0.07509,0.0,2023-04-04 19:57:59
440,0.00153,-0.03084,0.07509,0.0,2023-04-04 19:57:59
441,0.00153,-0.03084,0.07509,0.0,2023-04-04 19:57:59
442,0.00153,-0.03084,0.07509,0.0,2023-04-04 19:57:59
443,0.00153,-0.03084,0.07509,0.0,2023-04-04 19:57:59
444,0.00153,-0.03084,0.07509,0.0,2023-04-04 19:57:59
445,0.00153,-0.03084,0.07509,0.0,2023-04-04 19:57:59
446,0.00153,-0.03084,0.07509,0.0,2023-04-04 19:57:59
447,0.00153,-0.03084,0.07509,0.0,2023-04-04 19:57:59
448,0.00153,-0.03084,0.07509,0.0,2023-04-04 19:57:59
449,0.00153,-0.03084,0.07509,0.0,2023-04-04 19:57:59
450,0.00153,-0.03084,0.07509,0.0,2023-04-04 19:57:59
451,0.00153,-0.03084,0.07509,0.0,2023-04-04 19:57:59
452,0.00153,-0.03084,0.07509,0.0,2023-04-04 19:57:59
453,0.00153,-0.03084,0.07509,0.0,2023-04-04 19:57:59
454,0.00153,-0.03084,0.07509,0.0,2023-04-04 19:57:59
455,0.00153,-0.03084,0.07509,0.0,2023-04-04 19:57:59
456,0.00153,-0.03084,0.07509,0.0,2023-04-04 19:57:59
457,0.00153,-0.03084,0.07509,0.0,2023-04-04 19:57:59
458,0.00153,-0.03084,0.07509,0.0,2023-04-04 19:57:59
459,0.00153,-0.03084,0.07509,0.0,2023-04-04 19:57:59
460,0.00153,-0.03084,0.07509,0.0,2023-04-04 19:57:59
461,0.00153,-0.03084,0.07509,0.0,2023-04-04 19:57:59
462,0.00153,-0.03084,0.07509,0.0,2023-04-04 19:57:59
463,0.00153,-0.03084,0.07509,0.0,2023-04-04 19:57:59
464,0.00153,-0.03084,0.07509,0.0,2023-04-04 19:57:59
465,0.00153,-0.03084,0.07509,0.0,2023-04-04 19:57:59
466,0.00153,-0.03084,0.07509,0.0,2023-04-04 19:57:59
467,0.00153,-0.03084,0.07509,0.0,2023-04-04 19:57:59
468,0.00153,-0.03084,0.07509,0.0,2023-04-04 19:57:59
469,0.00153,-0.03084,0.07509,0.0,2023-04-04 19:57:59
470,0.00153,-0.03084,0.07509,0.0,2023-04-04 19:57:59
471,0.00153,-0.03084,0.07509,0.0,2023-04-04 19:57:59
472,0.00153,-0.03084,0.07509,0.0,2023-04-04 19:57:59
473,0.00153,-0.03084,0.07509,0.0,2023-04-04 19:57:59
474,0.00153,-0.03084,0.07509,0.0,2023-04-04 19:57:59
475,0.00153,-0.03084,0.07509,0.0,2023-04-04 19:57:59
476,0.00153,-0.03084,0.07509,0.0,2023-04-04 19:57:59
477,0.00153,-0.03084,0.07509,0.0,2023-04-04 19:57:59
478,0.00153,-0.03084,0.07509,0.0,2023-04-04 19:57:59
479,0.00153,-0.03084,0.07509,0.0,2023-04-04 19:57:59
480,0.00153,-0.03084,0.07509,0.0,2023-04-04 19:57:59
481,0.00153,-0.03084,0.07509,0.0,2023-04-04 19:57:59
482,0.00153,-0.03084,0.07509,0.0,2023-04-04 19:57:59
483,0.00153,-0.03084,0.07509,0.0,2023-04-04 19:57:59
484,0.00153,-0.03084,0.07509,0.0,2023-04-04 19:57:59
485,0.00153,-0.03084,0.07509,0.0,2023-04-04 19:57:59
486,0.00153,-0.03084,0.07509,0.0,2023-04-04 19:57:59
487,0.00153,-0.03084,0.07509,0.0,2023-04-04 19:57:59
488,0.00153,-0.03084,0.07509,0.0,2023-04-04 19:57:59
489,0.00153,-0.03084,0.07509,0.0,2023-04-04 19:57:59
490,0.00153,-0.03084,0.07509,0.0,2023-04-04 19:57:59
491,0.00153,-0.03084,0.07509,0.0,2023-04-04 19:57:59
492,0.00153,-0.03084,0.07509,0.0,2023-04-04 19:57:59
493,0.00153,-0.03084,0.07509,0.0,2023-04-04 19:57:59
494,0.00153,-0.03084,0.07509,0.0,2023-04-04 19:57:59
495,0.00153,-0.03084,0.07509,0.0,2023-04-04 19:57:59
496,0.00153,-0.03084,0.07509,0.0,2023-04-04 19:57:59
497,0.00153,-0.03084,0.07509,0.0,2023-04-04 19:57:59
498,0.00153,-0.03084,0.07509,0.0,2023-04-04 19:57:59
499,0.00153,-0.03084,0.07509,0.0,2023-04-04 19:57:59
500,0.00153,-0.03084,0.07509,0.0,2023-04-04 19:57:59
501,0.00153,-0.03084,0.07509,0.0,2023-04-04 19:57:59
502,0.00153,-0.03084,0.07509,0.0,2023-04-04 19:57:59
503,0.00153,-0.03084,0.07509,0.0,2023-04-04 19:57:59
504,0.00153,-0.03084,0.07509,0.0,2023-04-04 19:57:59
505,0.00153,-0.03084,0.07509,0.0,2023-04-04 19:57:59
506,0.00153,-0.03084,0.07509,0.0,2023-04-04 19:57:59
507,0.00153,-0.03084,0.07509,0.0,2023-04-04 19:57:59
508,0.00153,-0.03084,0.07509,0.0,2023-04-04 19:57:59
509,0.00153,-0.03084,0.07509,0.0,2023-04-04 19:57:59
510,0.00153,-0.03084,0.07509,0.0,2023-04-04 19:57:59
511,0.00153,-0.03084,0.07509,0.0,2023-04-04 19:57:59
512,0.00153,-0.03084,0.07509,0.0,2023-04-04 19:57:59
513,0.00153,-0.03084,0.07509,0.0,2023-04-04 19:57:59
514,0.00153,-0.03084,0.07509,0.0,2023-04-04 19:57:59
515,0.00153,-0.03084,0.07509,0.0,2023-04-04 19:57:59
516,0.00153,-0.03084,0.07509,0.0,2023-04-04 19:57:59
517,0.00153,-0.03084,0.07509,0.0,2023-04-04 19:57:59
518,0.00153,-0.03084,0.07509,0.0,2023-04-04 19:57:59
519,0.00153,-0.03084,0.07509,0.0,2023-04-04 19:57:59
520,0.00153,-0.03084,0.07509,0.0,2023-04-04 19:57:59
521,0.00153,-0.03084,0.07509,0.0,2023-04-04 19:57:59
522,0.00153,-0.03084,0.07509,0.0,2023-04-04 19:57:59
523,0.00153,-0.03084,0.07509,0.0,2023-04-04 19:57:59
524,0.00153,-0.03084,0.07509,0.0,2023-04-04 19:57:59
525,0.00153,-0.03084,0.07509,0.0,2023-04-04 19:57:59
526,0.00153,-0.03084,0.07509,0.0,2023-04-04 19:57:59
527,0.00153,-0.03084,0.07509,0.0,2023-04-04 19:57:59
528,0.00153,-0.03084,0.07509,0.0,2023-04-04 19:57:59
529,0.00153,-0.03084,0.07509,0.0,2023-04-04 19:57:59
530,0.00153,-0.03084,0.07509,0.0,2023-04-04 19:57:59
531,0.00153,-0.03084,0.07509,0.0,2023-04-04 19:57:59
532,0.00153,-0.03084,0.07509,0.0,2023-04-04 19:57:59
533,0.00153,-0.03084,0.07509,0.0,2023-04-04 19:57:59
534,0.00153,-0.03084,0.07509,0.0,2023-04-04 19:57:59
535,0.00153,-0.03084,0.07509,0.0,2023-04-04 19:57:59
536,0.00153,-0.03084,0.07509,0.0,2023-04-04 19:57:59
537,0.00153,-0.03084,0.07509,0.0,2023-04-04 19:57:59
538,0.00153,-0.03084,0.07509,0.0,2023-04-04 19:57:59
539,0.00153,-0.03084,0.07509,0.0,2023-04-04 19:57:59
540,0.00153,-0.03084,0.07509,0.0,2023-04-04 19:57:59
541,0.00153,-0.03084,0.07509,0.0,2023-04-04 19:57:59
542,0.00153,-0.03084,0.07509,0.0,2023-04-04 19:57:59
543,0.00153,-0.03084,0.07509,0.0,2023-04-04 19:57:59
544,0.00153,-0.03084,0.07509,0.0,2023-04-04 19:57:59
545,0.00153,-0.03084,0.07509,0.0,2023-04-04 19:57:59
546,0.00153,-0.03084,0.07509,0.0,2023-04-04 19:57:59
547,0.00153,-0.03084,0.07509,0.0,2023-04-04 19:57:59
548,0.00153,-0.03084,0.07509,0.0,2023-04-04 19:57:59
549,0.00153,-0.03084,0.07509,0.0,2023-04-04 19:57:59
550,0.00153,-0.03084,0.07509,0.0,2023-04-04 19:57:59
551,0.00153,-0.03084,0.07509,0.0,2023-04-04 19:57:59
552,0.00153,-0.03084,0.07509,0.0,2023-04-04 19:57:59
553,0.00153,-0.03084,0.07509,0.0,2023-04-04 19:57:59
554,0.00153,-0.03084,0.07509,0.0,2023-04-04 19:57:59
555,0.00153,-0.03084,0.07509,0.0,2023-04-04 19:57:59
556,0.00153,-0.03084,0.07509,0.0,2023-04-04 19:57:59
557,0.00153,-0.03084,0.07509,0.0,2023-04-04 19:57:59
558,0.00153,-0.03084,0.07509,0.0,2023-04-04 19:57:59
559,0.00153,-0.03084,0.07509,0.0,2023-04-04 19:57:59
560,0.00153,-0.03084,0.07509,0.0,2023-04-04 19:57:59
561,0.00153,-0.03084,0.07509,0.0,2023-04-04 19:57:59
562,0.00153,-0.03084,0.07509,0.0,2023-04-04 19:57:59
563,0.00153,-0.03084,0.07509,0.0,2023-04-04 19:57:59
564,0.00153,-0.03084,0.07509,0.0,2023-04-04 19:57:59
565,0.00153,-0.03084,0.07509,0.0,2023-04-04 19:57:59
566,0.00153,-0.03084,0.07509,0.0,2023-04-04 19:57:59
567,0.00153,-0.03084,0.07509,0.0,2023-04-04 19:57:59
568,0.00153,-0.03084,0.07509,0.0,2023-04-04 19:57:59
569,0.00153,-0.03084,0.07509,0.0,2023-04-04 19:57:59
570,0.00153,-0.03084,0.07509,0.0,2023-04-04 19:57:59
571,0.00153,-0.03084,0.07509,0.0,2023-04-04 19:57:59
572,0.00153,-0.03084,0.07509,0.0,2023-04-04 19:57:59
573,0.00153,-0.03084,0.07509,0.0,2023-04-04 19:57:59
574,0.00153,-0.03084,0.07509,0.0,2023-04-04 19:57:59
575,0.00153,-0.03084,0.07509,0.0,2023-04-04 19:57:59
576,0.00153,-0.03084,0.07509,0.0,2023-04-04 19:57:59
577,0.00153,-0.03084,0.07509,0.0,2023-04-04 19:57:59
578,0.00153,-0.03084,0.07509,0.0,2023-04-04 19:57:59
579,0.00153,-0.03084,0.07509,0.0,2023-04-04 19:57:59
580,0.00153,-0.03084,0.07509,0.0,2023-04-04 19:57:59
581,0.00153,-0.03084,0.07509,0.0,2023-04-04 19:57:59
582,0.00153,-0.03084,0.07509,0.0,2023-04-04 19:57:59
583,0.00153,-0.03084,0.07509,0.0,2023-04-04 19:57:59
584,0.00153,-0.03084,0.07509,0.0,2023-04-04 19:57:59
585,0.00153,-0.03084,0.07509,0.0,2023-04-04 19:57:59
586,0.00153,-0.03084,0.07509,0.0,2023-04-04 19:57:59
587,0.00153,-0.03084,0.07509,0.0,2023-04-04 19:57:59
588,0.00153,-0.03084,0.07509,0.0,2023-04-04 19:57:59
589,0.00153,-0.03084,0.07509,0.0,2023-04-04 19:57:59
590,0.00153,-0.03084,0.07509,0.0,2023-04-04 19:57:59
591,0.00153,-0.03084,0.07509,0.0,2023-04-04 19:57:59
592,0.00153,-0.03084,0.07509,0.0,2023-04-04 19:57:59
593,0.00153,-0.03084,0.07509,0.0,2023-04-04 19:57:59
594,0.00153,-0.03084,0.07509,0.0,2023-04-04 19:57:59
595,0.00153,-0.03084,0.07509,0.0,2023-04-04 19:57:59
596,0.00153,-0.03084,0.07509,0.0,2023-04-04 19:57:59
597,0.00153,-0.03084,0.07509,0.0,2023-04-04 19:57:59
598,0.00153,-0.03084,0.07509,0.0,2023-04-04 19:57:59
599,0.00153,-0.03084,0.07509,0.0,2023-04-04 19:57:59
600,0.00153,-0.03084,0.07509,0.0,2023-04-04 19:57:59
601,0.00153,-0.03084,0.07509,0.0,2023-04-04 19:57:59
602,0.00153,-0.03084,0.07509,0.0,2023-04-04 19:57:59
603,0.00153,-0.03084,0.07509,0.0,2023-04-04 19:57:59
604,0.00153,-0.03084,0.07509,0.0,2023-04-04 19:57:59
605,0.00153,-0.03084,0.07509,0.0,2023-04-04 19:57:59
606,0.00153,-0.03084,0.07509,0.0,2023-04-04 19:57:59
607,0.00153,-0.03084,0.07509,0.0,2023-04-04 19:57:59
608,0.00153,-0.03084,0.07509,0.0,2023-04-04 19:57:59
609,0.00153,-0.03084,0.07509,0.0,2023-04-04 19:57:59
610,0.00153,-0.03084,0.07509,0.0,2023-04-04 19:57:59
611,0.00153,-0.03084,0.07509,0.0,2023-04-04 19:57:59
612,0.00153,-0.03084,0.07509,0.0,2023-04-04 19:57:59
613,0.00153,-0.03084,0.07509,0.0,2023-04-04 19:57:59
614,0.00153,-0.03084,0.07509,0.0,2023-04-04 19:57:59
615,0.00153,-0.03084,0.07509,0.0,2023-04-04 19:57:59
616,0.00153,-0.03084,0.07509,0.0,2023-04-04 19:57:59
617,0.00153,-0.03084,0.07509,0.0,2023-04-04 19:57:59
618,0.00153,-0.03084,0.07509,0.0,2023-04-04 19:57:59
619,0.00153,-0.03084,0.07509,0.0,2023-04-04 19:57:59
620,0.00153,-0.03084,0.07509,0.0,2023-04-04 19:57:59
621,0.00153,-0.03084,0.07509,0.0,2023-04-04 19:57:59
622,0.00153,-0.03084,0.07509,0.0,2023-04-04 19:57:59
623,0.00153,-0.03084,0.07509,0.0,2023-04-04 19:57:59
624,0.00153,-0.03084,0.07509,0.0,2023-04-04 19:57:59
625,0.00153,-0.03084,0.07509,0.0,2023-04-04 19:57:59
626,0.00153,-0.03084,0.07509,0.0,2023-04-04 19:57:59
627,0.00153,-0.03084,0.07509,0.0,2023-04-04 19:57:59
628,0.00153,-0.03084,0.07509,0.0,2023-04-04 19:57:59
629,0.00153,-0.03084,0.07509,0.0,2023-04-04 19:57:59
630,0.00153,-0.03084,0.07509,0.0,2023-04-04 19:57:59
631,0.00153,-0.03084,0.07509,0.0,2023-04-04 19:57:59
632,0.00153,-0.03084,0.07509,0.0,2023-04-04 19:57:59
633,0.00153,-0.03084,0.07509,0.0,2023-04-04 19:57:59
634,0.00153,-0.03084,0.07509,0.0,2023-04-04 19:57:59
635,0.00153,-0.03084,0.07509,0.0,2023-04-04 19:57:59
636,0.00153,-0.03084,0.07509,0.0,2023-04-04 19:57:59
637,0.00153,-0.03084,0.07509,0.0,2023-04-04 19:57:59
638,0.00153,-0.03084,0.07509,0.0,2023-04-04 19:57:59
639,0.00153,-0.03084,0.07509,0.0,2023-04-04 19:57:59
640,0.00153,-0.03084,0.07509,0.0,2023-04-04 19:57:59
641,0.00153,-0.03084,0.07509,0.0,2023-04-04 19:57:59
642,0.00153,-0.03084,0.07509,0.0,2023-04-04 19:57:59
643,0.00153,-0.03084,0.07509,0.0,2023-04-04 19:57:59
644,0.00153,-0.03084,0.07509,0.0,2023-04-04 19:57:59
645,0.00153,-0.03084,0.07509,0.0,2023-04-04 19:57:59
646,0.00153,-0.03084,0.07509,0.0,2023-04-04 19:57:59
647,0.00153,-0.03084,0.07509,0.0,2023-04-04 19:57:59
648,0.00153,-0.03084,0.07509,0.0,2023-04-04 19:57:59
649,0.00153,-0.03084,0.07509,0.0,2023-04-04 19:57:59
650,0.00153,-0.03084,0.07509,0.0,2023-04-04 19:57:59
651,0.00153,-0.03084,0.07509,0.0,2023-04-04 19:57:59
652,0.00153,-0.03084,0.07509,0.0,2023-04-04 19:57:59
653,0.00153,-0.03084,0.07509,0.0,2023-04-04 19:57:59
654,0.00153,-0.03084,0.07509,0.0,2023-04-04 19:57:59
655,0.00153,-0.03084,0.07509,0.0,2023-04-04 19:57:59
656,0.00153,-0.03084,0.07509,0.0,2023-04-04 19:57:59
657,0.00153,-0.03084,0.07509,0.0,2023-04-04 19:57:59
658,0.00153,-0.03084,0.07509,0.0,2023-04-04 19:57:59
659,0.00153,-0.03084,0.07509,0.0,2023-04-04 19:57:59
660,0.00153,-0.03084,0.07509,0.0,2023-04-04 19:57:59
661,0.00153,-0.03084,0.07509,0.0,2023-04-04 19:57:59
662,0.00153,-0.03084,0.07509,0.0,2023-04-04 19:57:59
663,0.00153,-0.03084,0.07509,0.0,2023-04-04 19:57:59
664,0.00153,-0.03084,0.07509,0.0,2023-04-04 19:57:59
665,0.00153,-0.03084,0.07509,0.0,2023-04-04 19:57:59
666,0.00153,-0.03084,0.07509,0.0,2023-04-04 19:57:59
667,0.00153,-0.03084,0.07509,0.0,2023-04-04 19:57:59
668,0.00153,-0.03084,0.07509,0.0,2023-04-04 19:57:59
669,0.00153,-0.03084,0.07509,0.0,2023-04-04 19:57:59
670,0.00153,-0.03084,0.07509,0.0,2023-04-04 19:57:59
671,0.00153,-0.03084,0.07509,0.0,2023-04-04 19:57:59
672,0.00153,-0.03084,0.07509,0.0,2023-04-04 19:57:59
673,0.00153,-0.03084,0.07509,0.0,2023-04-04 19:57:59
674,0.00153,-0.03084,0.07509,0.0,2023-04-04 19:57:59
675,0.00153,-0.03084,0.07509,0.0,2023-04-04 19:57:59
676,0.00153,-0.03084,0.07509,0.0,2023-04-04 19:57:59
677,0.00153,-0.03084,0.07509,0.0,2023-04-04 19:57:59
678,0.00153,-0.03084,0.07509,0.0,2023-04-04 19:57:59
679,0.00153,-0.03084,0.07509,0.0,2023-04-04 19:57:59
680,0.00153,-0.03084,0.07509,0.0,2023-04-04 19:57:59
681,0.00153,-0.03084,0.07509,0.0,2023-04-04 19:57:59
682,0.00153,-0.03084,0.07509,0.0,2023-04-04 19:57:59
683,0.00153,-0.03084,0.07509,0.0,2023-04-04 19:57:59
684,0.00153,-0.03084,0.07509,0.0,2023-04-04 19:57:59
685,0.00153,-0.03084,0.07509,0.0,2023-04-04 19:57:59
686,0.00153,-0.03084,0.07509,0.0,2023-04-04 19:57:59
687,0.00153,-0.03084,0.07509,0.0,2023-04-04 19:57:59
688,0.00153,-0.03084,0.07509,0.0,2023-04-04 19:57:59
689,0.00153,-0.03084,0.07509,0.0,2023-04-04 19:57:59
690,0.00153,-0.03084,0.07509,0.0,2023-04-04 19:57:59
691,0.00153,-0.03084,0.07509,0.0,2023-04-04 19:57:59
692,0.00153,-0.03084,0.07509,0.0,2023-04-04 19:57:59
693,0.00153,-0.03084,0.07509,0.0,2023-04-04 19:57:59
694,0.00153,-0.03084,0.07509,0.0,2023-04-04 19:57:59
695,0.00153,-0.03084,0.07509,0.0,2023-04-04 19:57:59
696,0.00153,-0.03084,0.07509,0.0,2023-04-04 19:57:59
697,0.00153,-0.03084,0.07509,0.0,2023-04-04 19:57:59
698,0.00153,-0.03084,0.07509,0.0,2023-04-04 19:57:59
699,0.00153,-0.03084,0.07509,0.0,2023-04-04 19:57:59
700,0.00153,-0.03084,0.07509,0.0,2023-04-04 19:57:59
701,0.00153,-0.03084,0.07509,0.0,2023-04-04 19:57:59
702,0.00153,-0.03084,0.07509,0.0,2023-04-04 19:57:59
703,0.00153,-0.03084,0.07509,0.0,2023-04-04 19:57:59
704,0.00153,-0.03084,0.07509,0.0,2023-04-04 19:57:59
705,0.00153,-0.03084,0.07509,0.0,2023-04-04 19:57:59
706,0.00153,-0.03084,0.07509,0.0,2023-04-04 19:57:59
707,0.00153,-0.03084,0.07509,0.0,2023-04-04 19:57:59
708,0.00153,-0.03084,0.07509,0.0,2023-04-04 19:57:59
709,0.00153,-0.03084,0.07509,0.0,2023-04-04 19:57:59
710,0.00153,-0.03084,0.07509,0.0,2023-04-04 19:57:59
711,0.00153,-0.03084,0.07509,0.0,2023-04-04 19:57:59
712,0.00153,-0.03084,0.07509,0.0,2023-04-04 19:57:59
713,0.00153,-0.03084,0.07509,0.0,2023-04-04 19:57:59
714,0.00153,-0.03084,0.07509,0.0,2023-04-04 19:57:59
715,0.00153,-0.03084,0.07509,0.0,2023-04-04 19:57:59
716,0.00153,-0.03084,0.07509,0.0,2023-04-04 19:57:59
717,0.00153,-0.03084,0.07509,0.0,2023-04-04 19:57:59
718,0.00153,-0.03084,0.07509,0.0,2023-04-04 19:57:59
719,0.00153,-0.03084,0.07509,0.0,2023-04-04 19:57:59
720,0.00153,-0.03084,0.07509,0.0,2023-04-04 19:57:59
721,0.00153,-0.03084,0.07509,0.0,2023-04-04 19:57:59
722,0.00153,-0.03084,0.07509,0.0,2023-04-04 19:57:59
723,0.00153,-0.03084,0.07509,0.0,2023-04-04 19:57:59
724,0.00153,-0.03084,0.07509,0.0,2023-04-04 19:57:59
725,0.00153,-0.03084,0.07509,0.0,2023-04-04 19:57:59
726,0.00153,-0.03084,0.07509,0.0,2023-04-04 19:57:59
727,0.00153,-0.03084,0.07509,0.0,2023-04-04 19:57:59
728,0.00153,-0.03084,0.07509,0.0,2023-04-04 19:57:59
729,0.00153,-0.03084,0.07509,0.0,2023-04-04 19:57:59
730,0.00153,-0.03084,0.07509,0.0,2023-04-04 19:57:59
731,0.00153,-0.03084,0.07509,0.0,2023-04-04 19:57:59
732,0.00153,-0.03084,0.07509,0.0,2023-04-04 19:57:59
733,0.00153,-0.03084,0.07509,0.0,2023-04-04 19:57:59
734,0.00153,-0.03084,0.07509,0.0,2023-04-04 19:57:59
735,0.00153,-0.03084,0.07509,0.0,2023-04-04 19:57:59
736,0.00153,-0.03084,0.07509,0.0,2023-04-04 19:57:59
737,0.00153,-0.03084,0.07509,0.0,2023-04-04 19:57:59
738,0.00153,-0.03084,0.07509,0.0,2023-04-04 19:57:59
739,0.00153,-0.03084,0.07509,0.0,2023-04-04 19:57:59
740,0.00153,-0.03084,0.07509,0.0,2023-04-04 19:57:59
741,0.00153,-0.03084,0.07509,0.0,2023-04-04 19:57:59
742,0.00153,-0.03084,0.07509,0.0,2023-04-04 19:57:59
743,0.00153,-0.03084,0.07509,0.0,2023-04-04 19:57:59
744,0.00153,-0.03084,0.07509,0.0,2023-04-04 19:57:59
745,0.00153,-0.03084,0.07509,0.0,2023-04-04 19:57:59
746,0.00153,-0.03084,0.07509,0.0,2023-04-04 19:57:59
747,0.00153,-0.03084,0.07509,0.0,2023-04-04 19:57:59
748,0.00153,-0.03084,0.07509,0.0,2023-04-04 19:57:59
749,0.00153,-0.03084,0.07509,0.0,2023-04-04 19:57:59
750,0.00153,-0.03084,0.07509,0.0,2023-04-04 19:57:59
751,0.00153,-0.03084,0.07509,0.0,2023-04-04 19:57:59
752,0.00153,-0.03084,0.07509,0.0,2023-04-04 19:57:59
753,0.00153,-0.03084,0.07509,0.0,2023-04-04 19:57:59
754,0.00153,-0.03084,0.07509,0.0,2023-04-04 19:57:59
755,0.00153,-0.03084,0.07509,0.0,2023-04-04 19:57:59
756,0.00153,-0.03084,0.07509,0.0,2023-04-04 19:57:59
757,0.00153,-0.03084,0.07509,0.0,2023-04-04 19:57:59
758,0.00153,-0.03084,0.07509,0.0,2023-04-04 19:57:59
759,0.00153,-0.03084,0.07509,0.0,2023-04-04 19:57:59
760,0.00153,-0.03084,0.07509,0.0,2023-04-04 19:57:59
761,0.00153,-0.03084,0.07509,0.0,2023-04-04 19:57:59
762,0.00153,-0.03084,0.07509,0.0,2023-04-04 19:57:59
763,0.00153,-0.03084,0.07509,0.0,2023-04-04 19:57:59
764,0.00153,-0.03084,0.07509,0.0,2023-04-04 19:57:59
765,0.00153,-0.03084,0.07509,0.0,2023-04-04 19:57:59
766,0.00153,-0.03084,0.07509,0.0,2023-04-04 19:57:59
767,0.00153,-0.03084,0.07509,0.0,2023-04-04 19:57:59
768,0.00153,-0.03084,0.07509,0.0,2023-04-04 19:57:59
769,0.00153,-0.03084,0.07509,0.0,2023-04-04 19:57:59
770,0.00153,-0.03084,0.07509,0.0,2023-04-04 19:57:59
771,0.00153,-0.03084,0.07509,0.0,2023-04-04 19:57:59
772,0.00153,-0.03084,0.07509,0.0,2023-04-04 19:57:59
773,0.00153,-0.03084,0.07509,0.0,2023-04-04 19:57:59
774,0.00153,-0.03084,0.07509,0.0,2023-04-04 19:57:59
775,0.00153,-0.03084,0.07509,0.0,2023-04-04 19:57:59
776,0.00153,-0.03084,0.07509,0.0,2023-04-04 19:57:59
777,0.00153,-0.03084,0.07509,0.0,2023-04-04 19:57:59
778,0.00153,-0.03084,0.07509,0.0,2023-04-04 19:57:59
779,0.00153,-0.03084,0.07509,0.0,2023-04-04 19:57:59
780,0.00153,-0.03084,0.07509,0.0,2023-04-04 19:57:59
781,0.00153,-0.03084,0.07509,0.0,2023-04-04 19:57:59
782,0.00153,-0.03084,0.07509,0.0,2023-04-04 19:57:59
783,0.00153,-0.03084,0.07509,0.0,2023-04-04 19:57:59
784,0.00153,-0.03084,0.07509,0.0,2023-04-04 19:57:59
785,0.00153,-0.03084,0.07509,0.0,2023-04-04 19:57:59
786,0.00153,-0.03084,0.07509,0.0,2023-04-04 19:57:59
787,0.00153,-0.03084,0.07509,0.0,2023-04-04 19:57:59
788,0.00153,-0.03084,0.07509,0.0,2023-04-04 19:57:59
789,0.00153,-0.03084,0.07509,0.0,2023-04-04 19:57:59
790,0.00153,-0.03084,0.07509,0.0,2023-04-04 19:57:59
791,0.00153,-0.03084,0.07509,0.0,2023-04-04 19:57:59
792,0.00153,-0.03084,0.07509,0.0,2023-04-04 19:57:59
793,0.00153,-0.03084,0.07509,0.0,2023-04-04 19:57:59
794,0.00153,-0.03084,0.07509,0.0,2023-04-04 19:57:59
795,0.00153,-0.03084,0.07509,0.0,2023-04-04 19:57:59
796,0.00153,-0.03084,0.07509,0.0,2023-04-04 19:57:59
797,0.00153,-0.03084,0.07509,0.0,2023-04-04 19:57:59
798,0.00153,-0.03084,0.07509,0.0,2023-04-04 19:57:59
799,0.00153,-0.03084,0.07509,0.0,2023-04-04 19:57:59
800,0.00153,-0.03084,0.07509,0.0,2023-04-04 19:57:59
801,0.00153,-0.03084,0.07509,0.0,2023-04-04 19:57:59
802,0.00153,-0.03084,0.07509,0.0,2023-04-04 19:57:59
803,0.00153,-0.03084,0.07509,0.0,2023-04-04 19:57:59
804,0.00153,-0.03084,0.07509,0.0,2023-04-04 19:57:59
805,0.00153,-0.03084,0.07509,0.0,2023-04-04 19:57:59
806,0.00153,-0.03084,0.07509,0.0,2023-04-04 19:57:59
807,0.00153,-0.03084,0.07509,0.0,2023-04-04 19:57:59
808,0.00153,-0.03084,0.07509,0.0,2023-04-04 19:57:59
809,0.00153,-0.03084,0.07509,0.0,2023-04-04 19:57:59
810,0.00153,-0.03084,0.07509,0.0,2023-04-04 19:57:59
811,0.00153,-0.03084,0.07509,0.0,2023-04-04 19:57:59
812,0.00153,-0.03084,0.07509,0.0,2023-04-04 19:57:59
813,0.00153,-0.03084,0.07509,0.0,2023-04-04 19:57:59
814,0.00153,-0.03084,0.07509,0.0,2023-04-04 19:57:59
815,0.00153,-0.03084,0.07509,0.0,2023-04-04 19:57:59
816,0.00153,-0.03084,0.07509,0.0,2023-04-04 19:57:59
817,0.00153,-0.03084,0.07509,0.0,2023-04-04 19:57:59
818,0.00153,-0.03084,0.07509,0.0,2023-04-04 19:57:59
819,0.00153,-0.03084,0.07509,0.0,2023-04-04 19:57:59
820,0.00153,-0.03084,0.07509,0.0,2023-04-04 19:57:59
821,0.00153,-0.03084,0.07509,0.0,2023-04-04 19:57:59
822,0.00153,-0.03084,0.07509,0.0,2023-04-04 19:57:59
823,0.00153,-0.03084,0.07509,0.0,2023-04-04 19:57:59
824,0.00153,-0.03084,0.07509,0.0,2023-04-04 19:57:59
825,0.00153,-0.03084,0.07509,0.0,2023-04-04 19:57:59
826,0.00153,-0.03084,0.07509,0.0,2023-04-04 19:57:59
827,0.00153,-0.03084,0.07509,0.0,2023-04-04 19:57:59
828,0.00153,-0.03084,0.07509,0.0,2023-04-04 19:57:59
829,0.00153,-0.03084,0.07509,0.0,2023-04-04 19:57:59
830,0.00153,-0.03084,0.07509,0.0,2023-04-04 19:57:59
831,0.00153,-0.03084,0.07509,0.0,2023-04-04 19:57:59
832,0.00153,-0.03084,0.07509,0.0,2023-04-04 19:57:59
833,0.00153,-0.03084,0.07509,0.0,2023-04-04 19:57:59
834,0.00153,-0.03084,0.07509,0.0,2023-04-04 19:57:59
835,0.00153,-0.03084,0.07509,0.0,2023-04-04 19:57:59
836,0.00153,-0.03084,0.07509,0.0,2023-04-04 19:57:59
837,0.00153,-0.03084,0.07509,0.0,2023-04-04 19:57:59
838,0.00153,-0.03084,0.07509,0.0,2023-04-04 19:57:59
839,0.00153,-0.03084,0.07509,0.0,2023-04-04 19:57:59
840,0.00153,-0.03084,0.07509,0.0,2023-04-04 19:57:59
841,0.00153,-0.03084,0.07509,0.0,2023-04-04 19:57:59
842,0.00153,-0.03084,0.07509,0.0,2023-04-04 19:57:59
843,0.00153,-0.03084,0.07509,0.0,2023-04-04 19:57:59
844,0.00153,-0.03084,0.07509,0.0,2023-04-04 19:57:59
845,0.00153,-0.03084,0.07509,0.0,2023-04-04 19:57:59
846,0.00153,-0.03084,0.07509,0.0,2023-04-04 19:57:59
847,0.00153,-0.03084,0.07509,0.0,2023-04-04 19:57:59
848,0.00153,-0.03084,0.07509,0.0,2023-04-04 19:57:59
849,0.00153,-0.03084,0.07509,0.0,2023-04-04 19:57:59
850,0.00153,-0.03084,0.07509,0.0,2023-04-04 19:57:59
851,0.00153,-0.03084,0.07509,0.0,2023-04-04 19:57:59
852,0.00153,-0.03084,0.07509,0.0,2023-04-04 19:57:59
853,0.00153,-0.03084,0.07509,0.0,2023-04-04 19:57:59
854,0.00153,-0.03084,0.07509,0.0,2023-04-04 19:57:59
855,0.00153,-0.03084,0.07509,0.0,2023-04-04 19:57:59
856,0.00153,-0.03084,0.07509,0.0,2023-04-04 19:57:59
857,0.00153,-0.03084,0.07509,0.0,2023-04-04 19:57:59
858,0.00153,-0.03084,0.07509,0.0,2023-04-04 19:57:59
859,0.00153,-0.03084,0.07509,0.0,2023-04-04 19:57:59
860,0.00153,-0.03084,0.07509,0.0,2023-04-04 19:57:59
861,0.00153,-0.03084,0.07509,0.0,2023-04-04 19:57:59
862,0.00153,-0.03084,0.07509,0.0,2023-04-04 19:57:59
863,0.00153,-0.03084,0.07509,0.0,2023-04-04 19:57:59
864,0.00153,-0.03084,0.07509,0.0,2023-04-04 19:57:59
865,0.00153,-0.03084,0.07509,0.0,2023-04-04 19:57:59
866,0.00153,-0.03084,0.07509,0.0,2023-04-04 19:57:59
867,0.00153,-0.03084,0.07509,0.0,2023-04-04 19:57:59
868,0.00153,-0.03084,0.07509,0.0,2023-04-04 19:57:59
869,0.00153,-0.03084,0.07509,0.0,2023-04-04 19:57:59
870,0.00153,-0.03084,0.07509,0.0,2023-04-04 19:57:59
871,0.00153,-0.03084,0.07509,0.0,2023-04-04 19:57:59
872,0.00153,-0.03084,0.07509,0.0,2023-04-04 19:57:59
873,0.00153,-0.03084,0.07509,0.0,2023-04-04 19:57:59
874,0.00153,-0.03084,0.07509,0.0,2023-04-04 19:57:59
875,0.00153,-0.03084,0.07509,0.0,2023-04-04 19:57:59
876,0.00153,-0.03084,0.07509,0.0,2023-04-04 19:57:59
877,0.00153,-0.03084,0.07509,0.0,2023-04-04 19:57:59
878,0.00153,-0.03084,0.07509,0.0,2023-04-04 19:57:59
879,0.00153,-0.03084,0.07509,0.0,2023-04-04 19:57:59
880,0.00153,-0.03084,0.07509,0.0,2023-04-04 19:57:59
881,0.00153,-0.03084,0.07509,0.0,2023-04-04 19:57:59
882,0.00153,-0.03084,0.07509,0.0,2023-04-04 19:57:59
883,0.00153,-0.03084,0.07509,0.0,2023-04-04 19:57:59
884,0.00153,-0.03084,0.07509,0.0,2023-04-04 19:57:59
885,0.00153,-0.03084,0.07509,0.0,2023-04-04 19:57:59
886,0.00153,-0.03084,0.07509,0.0,2023-04-04 19:57:59
887,0.00153,-0.03084,0.07509,0.0,2023-04-04 19:57:59
888,0.00153,-0.03084,0.07509,0.0,2023-04-04 19:57:59
889,0.00153,-0.03084,0.07509,0.0,2023-04-04 19:57:59
890,0.00153,-0.03084,0.07509,0.0,2023-04-04 19:57:59
891,0.00153,-0.03084,0.07509,0.0,2023-04-04 19:57:59
892,0.00153,-0.03084,0.07509,0.0,2023-04-04 19:57:59
893,0.00153,-0.03084,0.07509,0.0,2023-04-04 19:57:59
894,0.00153,-0.03084,0.07509,0.0,2023-04-04 19:57:59
895,0.00153,-0.03084,0.07509,0.0,2023-04-04 19:57:59
896,0.00153,-0.03084,0.07509,0.0,2023-04-04 19:57:59
897,0.00153,-0.03084,0.07509,0.0,2023-04-04 19:57:59
898,0.00153,-0.03084,0.07509,0.0,2023-04-04 19:57:59
899,0.00153,-0.03084,0.07509,0.0,2023-04-04 19:57:59
900,0.00153,-0.03084,0.07509,0.0,2023-04-04 19:57:59
901,0.00153,-0.03084,0.07509,0.0,2023-04-04 19:57:59
902,0.00153,-0.03084,0.07509,0.0,2023-04-04 19:57:59
903,0.00153,-0.03084,0.07509,0.0,2023-04-04 19:57:59
904,0.00153,-0.03084,0.07509,0.0,2023-04-04 19:57:59
905,0.00153,-0.03084,0.07509,0.0,2023-04-04 19:57:59
906,0.00153,-0.03084,0.07509,0.0,2023-04-04 19:57:59
907,0.00153,-0.03084,0.07509,0.0,2023-04-04 19:57:59
908,0.00153,-0.03084,0.07509,0.0,2023-04-04 19:57:59
909,0.00153,-0.03084,0.07509,0.0,2023-04-04 19:57:59
910,0.00153,-0.03084,0.07509,0.0,2023-04-04 19:57:59
911,0.00153,-0.03084,0.07509,0.0,2023-04-04 19:57:59
912,0.00153,-0.03084,0.07509,0.0,2023-04-04 19:57:59
913,0.00153,-0.03084,0.07509,0.0,2023-04-04 19:57:59
914,0.00153,-0.03084,0.07509,0.0,2023-04-04 19:57:59
915,0.00153,-0.03084,0.07509,0.0,2023-04-04 19:57:59
916,0.00153,-0.03084,0.07509,0.0,2023-04-04 19:57:59
917,0.00153,-0.03084,0.07509,0.0,2023-04-04 19:57:59
918,0.00153,-0.03084,0.07509,0.0,2023-04-04 19:57:59
919,0.00153,-0.03084,0.07509,0.0,2023-04-04 19:57:59
920,0.00153,-0.03084,0.07509,0.0,2023-04-04 19:57:59
921,0.00153,-0.03084,0.07509,0.0,2023-04-04 19:57:59
922,0.00153,-0.03084,0.07509,0.0,2023-04-04 19:57:59
923,0.00153,-0.03084,0.07509,0.0,2023-04-04 19:57:59
924,0.00153,-0.03084,0.07509,0.0,2023-04-04 19:57:59
925,0.00153,-0.03084,0.07509,0.0,2023-04-04 19:57:59
926,0.00153,-0.03084,0.07509,0.0,2023-04-04 19:57:59
927,0.00153,-0.03084,0.07509,0.0,2023-04-04 19:57:59
928,0.00153,-0.03084,0.07509,0.0,2023-04-04 19:57:59
929,0.00153,-0.03084,0.07509,0.0,2023-04-04 19:57:59
930,0.00153,-0.03084,0.07509,0.0,2023-04-04 19:57:59
931,0.00153,-0.03084,0.07509,0.0,2023-04-04 19:57:59
932,0.00153,-0.03084,0.07509,0.0,2023-04-04 19:57:59
933,0.00153,-0.03084,0.07509,0.0,2023-04-04 19:57:59
934,0.00153,-0.03084,0.07509,0.0,2023-04-04 19:57:59
935,0.00153,-0.03084,0.07509,0.0,2023-04-04 19:57:59
936,0.00153,-0.03084,0.07509,0.0,2023-04-04 19:57:59
937,0.00153,-0.03084,0.07509,0.0,2023-04-04 19:57:59
938,0.00153,-0.03084,0.07509,0.0,2023-04-04 19:57:59
939,0.00153,-0.03084,0.07509,0.0,2023-04-04 19:57:59
940,0.00153,-0.03084,0.07509,0.0,2023-04-04 19:57:59
941,0.00153,-0.03084,0.07509,0.0,2023-04-04 19:57:59
942,0.00153,-0.03084,0.07509,0.0,2023-04-04 19:57:59
943,0.00153,-0.03084,0.07509,0.0,2023-04-04 19:57:59
944,0.00153,-0.03084,0.07509,0.0,2023-04-04 19:57:59
945,0.00153,-0.03084,0.07509,0.0,2023-04-04 19:57:59
946,0.00153,-0.03084,0.07509,0.0,2023-04-04 19:57:59
947,0.00153,-0.03084,0.07509,0.0,2023-04-04 19:57:59
948,0.00153,-0.03084,0.07509,0.0,2023-04-04 19:57:59
949,0.00153,-0.03084,0.07509,0.0,2023-04-04 19:57:59
950,0.00153,-0.03084,0.07509,0.0,2023-04-04 19:57:59
951,0.00153,-0.03084,0.07509,0.0,2023-04-04 19:57:59
952,0.00153,-0.03084,0.07509,0.0,2023-04-04 19:57:59
953,0.00153,-0.03084,0.07509,0.0,2023-04-04 19:57:59
954,0.00153,-0.03084,0.07509,0.0,2023-04-04 19:57:59
955,0.00153,-0.03084,0.07509,0.0,2023-04-04 19:57:59
956,0.00153,-0.03084,0.07509,0.0,2023-04-04 19:57:59
957,0.00153,-0.03084,0.07509,0.0,2023-04-04 19:57:59
958,0.00153,-0.03084,0.07509,0.0,2023-04-04 19:57:59
959,0.00153,-0.03084,0.07509,0.0,2023-04-04 19:57:59
960,0.00153,-0.03084,0.07509,0.0,2023-04-04 19:57:59
961,0.00153,-0.03084,0.07509,0.0,2023-04-04 19:57:59
962,0.00153,-0.03084,0.07509,0.0,2023-04-04 19:57:59
963,0.00153,-0.03084,0.07509,0.0,2023-04-04 19:57:59
964,0.00153,-0.03084,0.07509,0.0,2023-04-04 19:57:59
965,0.00153,-0.03084,0.07509,0.0,2023-04-04 19:57:59
966,0.00153,-0.03084,0.07509,0.0,2023-04-04 19:57:59
967,0.00153,-0.03084,0.07509,0.0,2023-04-04 19:57:59
968,0.00153,-0.03084,0.07509,0.0,2023-04-04 19:57:59
969,0.00153,-0.03084,0.07509,0.0,2023-04-04 19:57:59
970,0.00153,-0.03084,0.07509,0.0,2023-04-04 19:57:59
971,0.00153,-0.03084,0.07509,0.0,2023-04-04 19:57:59
972,0.00153,-0.03084,0.07509,0.0,2023-04-04 19:57:59
973,0.00153,-0.03084,0.07509,0.0,2023-04-04 19:57:59
974,0.00153,-0.03084,0.07509,0.0,2023-04-04 19:57:59
975,0.00153,-0.03084,0.07509,0.0,2023-04-04 19:57:59
976,0.00153,-0.03084,0.07509,0.0,2023-04-04 19:57:59
977,0.00153,-0.03084,0.07509,0.0,2023-04-04 19:57:59
978,0.00153,-0.03084,0.07509,0.0,2023-04-04 19:57:59
979,0.00153,-0.03084,0.07509,0.0,2023-04-04 19:57:59
980,0.00153,-0.03084,0.07509,0.0,2023-04-04 19:57:59
981,0.00153,-0.03084,0.07509,0.0,2023-04-04 19:57:59
982,0.00153,-0.03084,0.07509,0.0,2023-04-04 19:57:59
983,0.00153,-0.03084,0.07509,0.0,2023-04-04 19:57:59
984,0.00153,-0.03084,0.07509,0.0,2023-04-04 19:57:59
985,0.00153,-0.03084,0.07509,0.0,2023-04-04 19:57:59
986,0.00153,-0.03084,0.07509,0.0,2023-04-04 19:57:59
987,0.00153,-0.03084,0.07509,0.0,2023-04-04 19:57:59
988,0.00153,-0.03084,0.07509,0.0,2023-04-04 19:57:59
989,0.00153,-0.03084,0.07509,0.0,2023-04-04 19:57:59
990,0.00153,-0.03084,0.07509,0.0,2023-04-04 19:57:59
991,0.00153,-0.03084,0.07509,0.0,2023-04-04 19:57:59
992,0.00153,-0.03084,0.07509,0.0,2023-04-04 19:57:59
993,0.00153,-0.03084,0.07509,0.0,2023-04-04 19:57:59
994,0.00153,-0.03084,0.07509,0.0,2023-04-04 19:57:59
995,0.00153,-0.03084,0.07509,0.0,2023-04-04 19:57:59
996,0.00153,-0.03084,0.07509,0.0,2023-04-04 19:57:59
997,0.00153,-0.03084,0.07509,0.0,2023-04-04 19:57:59
998,0.00153,-0.03084,0.07509,0.0,2023-04-04 19:57:59
999,0.00153,-0.03084,0.07509,0.0,2023-04-04 19:57:59
1000,0.00153,-0.03084,0.07509,0.0,2023-04-04 19:57:59
